{"offline_id": "85b7ce16baed44c799bebf816a6ae7ad", "project_name": "yolov5", "start_time": 1690915767765, "stop_time": 1690915776220, "tags": [], "workspace": null, "resume_strategy": "create", "customer_error_reported": true, "customer_error_message": "Unexpected error detected in the user script: UnicodeDecodeError('gbk', b\"\\n# Train/val/test sets as 1) dir: path/to/imgs, 2) file: path/to/imgs.txt, or 3) list: [path/to/imgs1, path/to/imgs2, ..]\\npath: ../datasets/coco128  # dataset root dir\\ntrain: nuclear/images/train  # train images (relative to 'path') 128 images\\nval: nuclear/images/train  # val images (relative to 'path') 128 images\\ntest:  # test images (optional)\\n\\n# Classes\\nnames:\\n  0: wavenoise\\n  1: \\xe6\\xb0\\xb4\\xe6\\xaf\\x8d\\xe6\\xb5\\xae\\xe6\\xb8\\xb8\\xe5\\x8a\\xa8\\xe7\\x89\\xa9\\xe6\\xb7\\xb7\\xe6\\xa0\\x96\", 394, 395, 'illegal multibyte sequence')"}