{"payload":{"installed_packages":["absl-py==1.3.0","aiohttp==3.8.3","aiosignal==1.2.0","appdirs==1.4.4","asttokens==2.2.1","async-timeout==4.0.2","attrs==23.1.0","backcall==0.2.0","blinker==1.4","bottleneck==1.3.5","brotlipy==0.7.0","cachetools==4.2.2","certifi==2022.12.7","cffi==1.15.1","charset-normalizer==2.0.4","click==8.0.4","colorama==0.4.6","comet-ml==3.33.7","configobj==5.0.8","contourpy==1.0.5","cryptography==38.0.4","cycler==0.11.0","decorator==5.1.1","dulwich==0.21.5","everett==3.1.0","executing==1.2.0","flit-core==3.6.0","fonttools==4.25.0","frozenlist==1.3.3","furl==2.1.3","gitdb==4.0.7","gitpython==3.1.30","google-auth-oauthlib==0.4.4","google-auth==2.6.0","grpcio==1.42.0","idna==3.4","importlib-metadata==4.11.3","ipython==8.10.0","jedi==0.18.2","jsonschema-specifications==2023.7.1","jsonschema==4.18.4","kiwisolver==1.4.4","markdown-it-py==3.0.0","markdown==3.4.1","markupsafe==2.1.1","matplotlib-inline==0.1.6","matplotlib==3.6.2","mdurl==0.1.2","mkl-fft==1.3.1","mkl-random==1.2.2","mkl-service==2.4.0","multidict==6.0.2","munkres==1.1.4","numexpr==2.8.4","numpy==1.24.2","oauthlib==3.2.1","opencv-python==4.7.0.72","orderedmultidict==1.0.1","packaging==22.0","pandas==1.5.2","parso==0.8.3","pathlib2==2.3.7.post1","pickleshare==0.7.5","pillow==9.3.0","pip==22.3.1","ply==3.11","pooch==1.4.0","prompt-toolkit==3.0.37","protobuf==3.19.6","psutil==5.9.0","pure-eval==0.2.2","pyasn1-modules==0.2.8","pyasn1==0.4.8","pycparser==2.21","pygments==2.14.0","pyjwt==2.4.0","pyopenssl==22.0.0","pyparsing==3.0.9","pyqt5-sip==12.11.0","pyqt5==5.15.7","pysocks==1.7.1","python-box==6.1.0","python-dateutil==2.8.2","pytz==2022.7","pyyaml==6.0","referencing==0.30.0","requests-oauthlib==1.3.0","requests-toolbelt==1.0.0","requests==2.28.1","rich==13.5.2","rpds-py==0.9.2","rsa==4.7.2","scipy==1.10.0","seaborn==0.12.2","semantic-version==2.10.0","sentry-sdk==1.29.2","setuptools==65.6.3","simplejson==3.19.1","sip==6.6.2","six==1.16.0","smmap==4.0.0","stack-data==0.6.2","tensorboard-data-server==0.6.1","tensorboard-plugin-wit==1.8.1","tensorboard==2.10.0","thop==0.1.1.post2209072238","toml==0.10.2","torch==1.13.1","torchaudio==0.13.1","torchvision==0.14.1","tornado==6.2","tqdm==4.64.1","traitlets==5.9.0","typing-extensions==4.4.0","urllib3==1.26.14","wcwidth==0.2.6","websocket-client==1.3.3","werkzeug==2.2.2","wheel==0.38.4","win-inet-pton==1.1.0","wincertstore==0.2","wrapt==1.15.0","wurlitzer==3.0.3","yarl==1.8.1","zipp==3.11.0"],"local_timestamp":1690915767767},"type":"ws_msg"}
{"payload":{"env_details":{"command":["E:\\yolov5-7.0\\train.py"],"env":null,"hostname":"DariusMa","ip":"192.168.2.8","machine":"AMD64","os":"Windows-10-10.0.22621-SP0","os_release":"10","os_type":"Windows","pid":28864,"processor":"Intel64 Family 6 Model 154 Stepping 3, GenuineIntel","python_exe":"E:\\anaconda\\envs\\yolov5final\\python.exe","python_version":"3.9.16","python_version_verbose":"3.9.16 (main, Jan 11 2023, 16:16:36) [MSC v.1916 64 bit (AMD64)]","user":"12555"},"local_timestamp":1690915767835},"type":"ws_msg"}
{"payload":{"gpu_static_info":[{"gpu_index":0,"name":"NVIDIA GeForce RTX 3060 Laptop GPU","power_limit":null,"total_memory":6442450944,"uuid":"GPU-92fb6adb-0d3e-a71a-82e1-b2a00a9896dc"}],"local_timestamp":1690915767864},"type":"ws_msg"}
{"payload":{"local_timestamp":1690915767866,"metric":{"epoch":null,"metricName":"sys.gpu.0.total_memory","metricValue":6442450944,"step":null}},"type":"metric_msg"}
{"payload":{"local_timestamp":1690915768078,"metric":{"epoch":null,"metricName":"sys.cpu.percent.avg","metricValue":9.8,"step":null}},"type":"metric_msg"}
{"payload":{"local_timestamp":1690915768078,"metric":{"epoch":null,"metricName":"sys.load.avg","metricValue":0.0,"step":null}},"type":"metric_msg"}
{"payload":{"local_timestamp":1690915768078,"metric":{"epoch":null,"metricName":"sys.ram.total","metricValue":25480912896,"step":null}},"type":"metric_msg"}
{"payload":{"local_timestamp":1690915768078,"metric":{"epoch":null,"metricName":"sys.ram.used","metricValue":13087854592,"step":null}},"type":"metric_msg"}
{"payload":{"local_timestamp":1690915768084,"log_other":{"key":"offline_experiment","val":true}},"type":"ws_msg"}
{"payload":{"local_timestamp":1690915768084,"stderr":true,"stdout":"Traceback (most recent call last):\n"},"type":"ws_msg"}
{"payload":{"local_timestamp":1690915768084,"stderr":true,"stdout":"  File \"E:\\yolov5-7.0\\train.py\", line 633, in <module>\n"},"type":"ws_msg"}
{"payload":{"local_timestamp":1690915768085,"stderr":true,"stdout":"    "},"type":"ws_msg"}
{"payload":{"local_timestamp":1690915768085,"stderr":true,"stdout":"main(opt)"},"type":"ws_msg"}
{"payload":{"local_timestamp":1690915768085,"stderr":true,"stdout":"\n"},"type":"ws_msg"}
{"payload":{"local_timestamp":1690915768085,"stderr":true,"stdout":"  File \"E:\\yolov5-7.0\\train.py\", line 527, in main\n"},"type":"ws_msg"}
{"payload":{"local_timestamp":1690915768085,"stderr":true,"stdout":"    "},"type":"ws_msg"}
{"payload":{"local_timestamp":1690915768085,"stderr":true,"stdout":"train(opt.hyp, opt, device, callbacks)"},"type":"ws_msg"}
{"payload":{"local_timestamp":1690915768085,"stderr":true,"stdout":"\n"},"type":"ws_msg"}
{"payload":{"local_timestamp":1690915768085,"stderr":true,"stdout":"  File \"E:\\yolov5-7.0\\train.py\", line 95, in train\n"},"type":"ws_msg"}
{"payload":{"local_timestamp":1690915768085,"metric":{"epoch":null,"metricName":"sys.gpu.0.free_memory","metricValue":6315573248,"step":null}},"type":"metric_msg"}
{"payload":{"local_timestamp":1690915768085,"metric":{"epoch":null,"metricName":"sys.gpu.0.gpu_utilization","metricValue":0,"step":null}},"type":"metric_msg"}
{"payload":{"local_timestamp":1690915768086,"metric":{"epoch":null,"metricName":"sys.gpu.0.power_usage","metricValue":23936,"step":null}},"type":"metric_msg"}
{"payload":{"local_timestamp":1690915768086,"metric":{"epoch":null,"metricName":"sys.gpu.0.temperature","metricValue":52,"step":null}},"type":"metric_msg"}
{"payload":{"local_timestamp":1690915768086,"metric":{"epoch":null,"metricName":"sys.gpu.0.used_memory","metricValue":126877696,"step":null}},"type":"metric_msg"}
{"payload":{"local_timestamp":1690915768086,"stderr":true,"stdout":"    "},"type":"ws_msg"}
{"payload":{"local_timestamp":1690915768086,"stderr":true,"stdout":"loggers = Loggers(save_dir, weights, opt, hyp, LOGGER)  # loggers instance"},"type":"ws_msg"}
{"payload":{"local_timestamp":1690915768086,"stderr":true,"stdout":"\n"},"type":"ws_msg"}
{"payload":{"local_timestamp":1690915768086,"stderr":true,"stdout":"  File \"E:\\yolov5-7.0\\utils\\loggers\\__init__.py\", line 132, in __init__\n"},"type":"ws_msg"}
{"payload":{"local_timestamp":1690915768086,"stderr":true,"stdout":"    "},"type":"ws_msg"}
{"payload":{"local_timestamp":1690915768086,"stderr":true,"stdout":"self.comet_logger = CometLogger(self.opt, self.hyp)"},"type":"ws_msg"}
{"payload":{"local_timestamp":1690915768086,"stderr":true,"stdout":"\n"},"type":"ws_msg"}
{"payload":{"local_timestamp":1690915768086,"stderr":true,"stdout":"  File \"E:\\yolov5-7.0\\utils\\loggers\\comet\\__init__.py\", line 97, in __init__\n"},"type":"ws_msg"}
{"payload":{"local_timestamp":1690915768088,"stderr":true,"stdout":"    "},"type":"ws_msg"}
{"payload":{"local_timestamp":1690915768088,"stderr":true,"stdout":"self.data_dict = self.check_dataset(self.opt.data)"},"type":"ws_msg"}
{"payload":{"local_timestamp":1690915768088,"stderr":true,"stdout":"\n"},"type":"ws_msg"}
{"payload":{"local_timestamp":1690915768088,"stderr":true,"stdout":"  File \"E:\\yolov5-7.0\\utils\\loggers\\comet\\__init__.py\", line 232, in check_dataset\n"},"type":"ws_msg"}
{"payload":{"local_timestamp":1690915768088,"stderr":true,"stdout":"    "},"type":"ws_msg"}
{"payload":{"local_timestamp":1690915768088,"stderr":true,"stdout":"data_config = yaml.safe_load(f)"},"type":"ws_msg"}
{"payload":{"local_timestamp":1690915768088,"stderr":true,"stdout":"\n"},"type":"ws_msg"}
{"payload":{"local_timestamp":1690915768088,"stderr":true,"stdout":"  File \"E:\\anaconda\\envs\\yolov5final\\lib\\site-packages\\yaml\\__init__.py\", line 125, in safe_load\n"},"type":"ws_msg"}
{"payload":{"local_timestamp":1690915768090,"stderr":true,"stdout":"    "},"type":"ws_msg"}
{"payload":{"local_timestamp":1690915768090,"stderr":true,"stdout":"return load(stream, SafeLoader)"},"type":"ws_msg"}
{"payload":{"local_timestamp":1690915768090,"stderr":true,"stdout":"\n"},"type":"ws_msg"}
{"payload":{"local_timestamp":1690915768090,"stderr":true,"stdout":"  File \"E:\\anaconda\\envs\\yolov5final\\lib\\site-packages\\yaml\\__init__.py\", line 79, in load\n"},"type":"ws_msg"}
{"payload":{"local_timestamp":1690915768090,"stderr":true,"stdout":"    "},"type":"ws_msg"}
{"payload":{"local_timestamp":1690915768090,"stderr":true,"stdout":"loader = Loader(stream)"},"type":"ws_msg"}
{"payload":{"local_timestamp":1690915768090,"stderr":true,"stdout":"\n"},"type":"ws_msg"}
{"payload":{"local_timestamp":1690915768090,"stderr":true,"stdout":"  File \"E:\\anaconda\\envs\\yolov5final\\lib\\site-packages\\yaml\\loader.py\", line 34, in __init__\n"},"type":"ws_msg"}
{"payload":{"local_timestamp":1690915768091,"stderr":true,"stdout":"    "},"type":"ws_msg"}
{"payload":{"local_timestamp":1690915768091,"stderr":true,"stdout":"Reader.__init__(self, stream)"},"type":"ws_msg"}
{"payload":{"local_timestamp":1690915768091,"stderr":true,"stdout":"\n"},"type":"ws_msg"}
{"payload":{"local_timestamp":1690915768091,"stderr":true,"stdout":"  File \"E:\\anaconda\\envs\\yolov5final\\lib\\site-packages\\yaml\\reader.py\", line 85, in __init__\n"},"type":"ws_msg"}
{"payload":{"local_timestamp":1690915768091,"stderr":true,"stdout":"    "},"type":"ws_msg"}
{"payload":{"local_timestamp":1690915768091,"stderr":true,"stdout":"self.determine_encoding()"},"type":"ws_msg"}
{"payload":{"local_timestamp":1690915768091,"stderr":true,"stdout":"\n"},"type":"ws_msg"}
{"payload":{"local_timestamp":1690915768091,"stderr":true,"stdout":"  File \"E:\\anaconda\\envs\\yolov5final\\lib\\site-packages\\yaml\\reader.py\", line 124, in determine_encoding\n"},"type":"ws_msg"}
{"payload":{"local_timestamp":1690915768092,"stderr":true,"stdout":"    "},"type":"ws_msg"}
{"payload":{"local_timestamp":1690915768092,"stderr":true,"stdout":"self.update_raw()"},"type":"ws_msg"}
{"payload":{"local_timestamp":1690915768092,"stderr":true,"stdout":"\n"},"type":"ws_msg"}
{"payload":{"local_timestamp":1690915768092,"stderr":true,"stdout":"  File \"E:\\anaconda\\envs\\yolov5final\\lib\\site-packages\\yaml\\reader.py\", line 178, in update_raw\n"},"type":"ws_msg"}
{"payload":{"local_timestamp":1690915768092,"stderr":true,"stdout":"    "},"type":"ws_msg"}
{"payload":{"local_timestamp":1690915768093,"stderr":true,"stdout":"data = self.stream.read(size)"},"type":"ws_msg"}
{"payload":{"local_timestamp":1690915768093,"stderr":true,"stdout":"\n"},"type":"ws_msg"}
{"payload":{"local_timestamp":1690915768093,"stderr":true,"stdout":"UnicodeDecodeError"},"type":"ws_msg"}
{"payload":{"local_timestamp":1690915768093,"stderr":true,"stdout":": "},"type":"ws_msg"}
{"payload":{"local_timestamp":1690915768093,"stderr":true,"stdout":"'gbk' codec can't decode byte 0xae in position 394: illegal multibyte sequence"},"type":"ws_msg"}
{"payload":{"local_timestamp":1690915768093,"stderr":true,"stdout":"\n"},"type":"ws_msg"}
{"payload":{"local_timestamp":1690915768106,"stderr":true,"stdout":"COMET INFO: Couldn't find a Git repository in 'E:\\\\yolov5-7.0' nor in any parent directory. Set `COMET_GIT_DIRECTORY` if your Git Repository is elsewhere.\n"},"type":"ws_msg"}
{"payload":{"local_timestamp":1690915771052,"stderr":true,"stdout":"COMET WARNING: Unknown error exporting current conda environment\n"},"type":"ws_msg"}
{"payload":{"additional_params":{"assetId":"04771f36754a48e496febc124bdbbc76","context":null,"epoch":null,"extension":"txt","fileName":"conda-spec.txt","overwrite":false,"runId":null,"step":null,"type":"conda-specification"},"clean":true,"file_path":"tmphoweu2n8","local_timestamp":1690915772595,"metadata":{},"upload_type":"conda-specification"},"type":"file_upload"}
{"payload":{"additional_params":{"assetId":"6ccc9436eace48a4804f82ba7e9fcb5c","context":null,"epoch":null,"extension":"yml","fileName":"conda-info.yml","overwrite":false,"runId":null,"step":null,"type":"conda-info"},"clean":true,"file_path":"tmpw913rg6k","local_timestamp":1690915774125,"metadata":{},"upload_type":"conda-info"},"type":"file_upload"}
{"payload":{"local_timestamp":1690915774123,"stderr":true,"stdout":"COMET INFO: ---------------------------------------------------------------------------------------\n"},"type":"ws_msg"}
{"payload":{"local_timestamp":1690915774124,"stderr":true,"stdout":"COMET INFO: Comet.ml OfflineExperiment Summary\n"},"type":"ws_msg"}
{"payload":{"local_timestamp":1690915774124,"stderr":true,"stdout":"COMET INFO: ---------------------------------------------------------------------------------------\n"},"type":"ws_msg"}
{"payload":{"local_timestamp":1690915774124,"stderr":true,"stdout":"COMET INFO:   Data:\n"},"type":"ws_msg"}
{"payload":{"local_timestamp":1690915774124,"stderr":true,"stdout":"COMET INFO:     display_summary_level : 1\n"},"type":"ws_msg"}
{"payload":{"local_timestamp":1690915774124,"stderr":true,"stdout":"COMET INFO:     url                   : [OfflineExperiment will get URL after upload]\n"},"type":"ws_msg"}
{"payload":{"local_timestamp":1690915774124,"stderr":true,"stdout":"COMET INFO:   Others:\n"},"type":"ws_msg"}
{"payload":{"local_timestamp":1690915774124,"stderr":true,"stdout":"COMET INFO:     offline_experiment : True\n"},"type":"ws_msg"}
{"payload":{"local_timestamp":1690915774124,"stderr":true,"stdout":"COMET INFO:   Uploads:\n"},"type":"ws_msg"}
{"payload":{"local_timestamp":1690915774124,"stderr":true,"stdout":"COMET INFO:     conda-info          : 1\n"},"type":"ws_msg"}
{"payload":{"local_timestamp":1690915774124,"stderr":true,"stdout":"COMET INFO:     conda-specification : 1\n"},"type":"ws_msg"}
{"payload":{"local_timestamp":1690915774124,"stderr":true,"stdout":"COMET INFO:     environment details : 1\n"},"type":"ws_msg"}
{"payload":{"local_timestamp":1690915774124,"stderr":true,"stdout":"COMET INFO:     installed packages  : 1\n"},"type":"ws_msg"}
{"payload":{"local_timestamp":1690915774124,"stderr":true,"stdout":"COMET INFO: \n"},"type":"ws_msg"}
{"payload":{"local_timestamp":1690915774124,"stderr":true,"stdout":"COMET WARNING: Experiment Name is generated at upload time for Offline Experiments unless set explicitly with Experiment.set_name\n"},"type":"ws_msg"}
{"payload":{"local_timestamp":1690915774125,"stderr":true,"stdout":"COMET WARNING: To get all data logged automatically, import comet_ml before the following modules: tensorboard, torch.\n"},"type":"ws_msg"}
{"payload":{"local_timestamp":1690915774125,"log_other":{"key":"sys.already_imported_modules","val":"[\"tensorboard\", \"torch\"]"}},"type":"ws_msg"}
